id,first_name,last_name,email,gender,phone
1,Gabie,Kelby,gkelby0@ed.gov,Genderfluid,813-962-2052
2,Alvis,Becks,abecks1@umich.edu,Genderfluid,319-479-4139
3,Abbye,Saw,asaw2@wix.com,Polygender,489-651-6379
4,Allyson,Dollar,adollar3@joomla.org,Genderfluid,909-564-2089
5,De witt,Buckthought,dbuckthought4@github.com,Genderqueer,482-423-3195
6,Waldon,Spellacey,wspellacey5@ask.com,Polygender,217-531-5295
7,Grata,Harman,gharman6@businessweek.com,Female,528-418-0780
8,Micki,Happert,mhappert7@moonfruit.com,Genderfluid,868-430-9814
9,Alexa,Fike,afike8@oaic.gov.au,Bigender,702-858-9784
10,Mireille,Keme,mkeme9@nps.gov,Agender,618-872-1509
11,Claudia,Bowle,cbowlea@pen.io,Female,360-670-4668
12,Ambur,Slingsby,aslingsbyb@oracle.com,Non-binary,621-227-8788
13,Vick,McOrkil,vmcorkilc@adobe.com,Female,107-848-6292
14,Mariquilla,O'Loghlen,mologhlend@ebay.co.uk,Non-binary,643-995-3622
15,Padriac,Brazener,pbrazenere@usa.gov,Female,753-165-6156
16,Micki,Langsdon,mlangsdonf@ustream.tv,Genderqueer,902-373-5614
17,Hilliard,Britcher,hbritcherg@foxnews.com,Non-binary,505-605-1197
18,Nial,Kears,nkearsh@instagram.com,Male,806-345-7527
19,Dulcy,Ager,dageri@unicef.org,Agender,874-971-3084
20,Angelique,Kunkel,akunkelj@diigo.com,Polygender,299-584-9605
21,Merry,Caffery,mcafferyk@redcross.org,Agender,278-850-8082
22,Shurwood,Prin,sprinl@photobucket.com,Agender,282-820-9957
23,Lind,Cobley,lcobleym@lulu.com,Non-binary,142-926-5325
24,Alasdair,Agett,aagettn@ameblo.jp,Genderfluid,548-479-9743
25,Desirae,Faulder,dfauldero@indiegogo.com,Agender,388-110-4020
26,Neala,Peagram,npeagramp@cbsnews.com,Genderqueer,478-775-5520
27,Odille,Eaglesham,oeagleshamq@wunderground.com,Agender,290-782-3729
28,Alister,Dudman,adudmanr@about.com,Female,823-642-7950
29,Alexander,Itzcovich,aitzcovichs@discovery.com,Agender,838-359-2945
30,Judie,Santus,jsantust@webs.com,Genderfluid,197-595-7919
31,Dorena,Godlonton,dgodlontonu@alibaba.com,Non-binary,247-522-2341
32,Sebastien,Tremonte,stremontev@networksolutions.com,Non-binary,131-291-5349
33,Keefe,Deny,kdenyw@fema.gov,Genderqueer,849-889-5463
34,Lisetta,Lishmund,llishmundx@independent.co.uk,Genderfluid,405-549-1014
35,Darrin,Davidovicz,ddavidoviczy@reverbnation.com,Polygender,212-709-3995
36,Oralle,Cressingham,ocressinghamz@pinterest.com,Agender,282-469-8685
37,Essie,Cullinane,ecullinane10@livejournal.com,Agender,537-952-9079
38,Alma,Corro,acorro11@nature.com,Non-binary,548-377-9957
39,Jeri,Iacovides,jiacovides12@lulu.com,Genderfluid,637-528-8422
40,Regan,Duxbury,rduxbury13@homestead.com,Female,498-677-6131
41,Denis,Haddick,dhaddick14@smugmug.com,Male,106-126-8552
42,Leonid,Crowest,lcrowest15@constantcontact.com,Genderqueer,103-224-0715
43,Westleigh,Huckell,whuckell16@cbc.ca,Genderfluid,320-350-5023
44,Danielle,Kobpal,dkobpal17@army.mil,Agender,494-999-3263
45,Lay,McNeillie,lmcneillie18@archive.org,Male,497-394-6737
46,Marlon,Spohrmann,mspohrmann19@discovery.com,Female,296-756-6277
47,Albrecht,Wallwood,awallwood1a@google.nl,Male,845-842-2235
48,Jeralee,Garralts,jgarralts1b@amazon.co.uk,Agender,134-401-7459
49,Nicolis,Stennard,nstennard1c@typepad.com,Female,973-837-4374
50,Malva,Macura,mmacura1d@histats.com,Non-binary,483-719-7572
51,Rudie,Pelman,rpelman1e@java.com,Agender,105-941-2223
52,Leonardo,Dictus,ldictus1f@blogspot.com,Agender,456-299-3717
53,Randolph,Reinmar,rreinmar1g@dedecms.com,Non-binary,875-763-8324
54,Hort,Yardy,hyardy1h@freewebs.com,Genderqueer,445-132-8499
55,Torey,Partner,tpartner1i@google.co.uk,Bigender,564-325-0696
56,Bailey,Osgar,bosgar1j@nih.gov,Non-binary,915-860-5720
57,Lyn,Mum,lmum1k@census.gov,Non-binary,936-629-1509
58,Truman,Heaphy,theaphy1l@vkontakte.ru,Agender,767-212-2771
59,Mala,Pattington,mpattington1m@miibeian.gov.cn,Non-binary,131-211-8076
60,Fitz,Ioselevich,fioselevich1n@chron.com,Male,814-227-2711
61,Archer,Neesam,aneesam1o@springer.com,Polygender,684-179-5444
62,Cristine,Markham,cmarkham1p@wikia.com,Male,510-506-3174
63,Gerhardt,Lideard,glideard1q@goo.ne.jp,Non-binary,243-457-1579
64,Wait,Rabjohn,wrabjohn1r@ox.ac.uk,Non-binary,589-242-7457
65,Bourke,Stelfax,bstelfax1s@google.es,Genderqueer,145-249-3322
66,Gwenora,Wace,gwace1t@techcrunch.com,Female,601-357-7030
67,Lorne,Jilkes,ljilkes1u@sitemeter.com,Male,748-145-4308
68,Jordon,Fieldsend,jfieldsend1v@mit.edu,Male,886-585-0463
69,Colly,Mattea,cmattea1w@sitemeter.com,Genderfluid,928-594-8821
70,Kirby,Quernel,kquernel1x@redcross.org,Genderfluid,690-805-8090
71,Berna,Pendock,bpendock1y@shutterfly.com,Male,584-785-5155
72,Reed,Beautyman,rbeautyman1z@technorati.com,Genderqueer,798-335-0714
73,Rikki,Gulland,rgulland20@ucsd.edu,Female,725-852-4520
74,Ema,Inchan,einchan21@geocities.com,Genderfluid,252-887-0356
75,Joanne,Holworth,jholworth22@wufoo.com,Non-binary,989-404-6619
76,Jon,Pimer,jpimer23@techcrunch.com,Non-binary,641-161-3178
77,Yasmin,Juza,yjuza24@illinois.edu,Polygender,405-553-5741
78,Vaughn,Rigardeau,vrigardeau25@howstuffworks.com,Genderqueer,465-496-1662
79,Haze,Tendahl,htendahl26@noaa.gov,Polygender,458-733-2016
80,Wang,Girardengo,wgirardengo27@psu.edu,Female,482-799-9064
81,Ruperta,O'Giany,rogiany28@dot.gov,Agender,924-927-5402
82,Arnoldo,Jeyness,ajeyness29@blog.com,Genderqueer,150-817-8707
83,Damara,Lejeune,dlejeune2a@ft.com,Male,925-917-4267
84,Ingunna,Stollsteiner,istollsteiner2b@sphinn.com,Bigender,620-550-9813
85,Otha,Tulip,otulip2c@123-reg.co.uk,Bigender,687-214-3350
86,Ingrid,Nisby,inisby2d@tinyurl.com,Genderfluid,162-930-3825
87,Agretha,Esley,aesley2e@adobe.com,Genderfluid,143-479-3910
88,Suzi,Tomczykowski,stomczykowski2f@github.io,Genderfluid,806-193-6096
89,Brendon,Urridge,burridge2g@npr.org,Agender,238-317-8984
90,Ginelle,Tole,gtole2h@miitbeian.gov.cn,Genderfluid,359-878-4560
91,Nerissa,Mitro,nmitro2i@umn.edu,Genderfluid,365-433-9466
92,Rollo,Allderidge,rallderidge2j@shop-pro.jp,Non-binary,517-681-8095
93,Tan,Poad,tpoad2k@weebly.com,Polygender,972-864-8837
94,Nert,Franken,nfranken2l@zdnet.com,Female,846-333-0450
95,Tadio,Reveley,treveley2m@bluehost.com,Male,208-432-5689
96,Jason,Binch,jbinch2n@cmu.edu,Non-binary,939-766-8904
97,Joeann,Southerden,jsoutherden2o@squarespace.com,Non-binary,967-336-1729
98,Merralee,Lumb,mlumb2p@furl.net,Non-binary,399-851-6708
99,Nikolaos,Jurczak,njurczak2q@ihg.com,Bigender,734-758-1349
100,Teodoro,Wormald,twormald2r@hibu.com,Genderqueer,474-115-9752
101,Samuele,Bellocht,sbellocht2s@pbs.org,Male,523-465-8216
102,Faber,Brunger,fbrunger2t@unc.edu,Non-binary,922-429-8536
103,Brewster,Rabson,brabson2u@wisc.edu,Genderqueer,166-196-5044
104,Berti,McPike,bmcpike2v@goo.gl,Bigender,699-826-5840
105,Jaquenette,Venneur,jvenneur2w@comcast.net,Bigender,312-259-2214
106,Beatrice,Blinkhorn,bblinkhorn2x@ehow.com,Bigender,245-581-4139
107,Joyan,Mellows,jmellows2y@chronoengine.com,Bigender,142-950-5186
108,Sebastian,Canet,scanet2z@go.com,Female,130-416-2300
109,Bryna,Noore,bnoore30@usda.gov,Female,208-513-0211
110,Frieda,Denisevich,fdenisevich31@cbsnews.com,Genderqueer,526-158-9528
111,Lew,Shead,lshead32@cnet.com,Agender,512-646-9208
112,Lefty,Dicey,ldicey33@elpais.com,Female,707-596-4272
113,Gabriel,Cruddas,gcruddas34@samsung.com,Polygender,921-302-8269
114,Pooh,Cominotti,pcominotti35@statcounter.com,Genderfluid,555-994-8455
115,Marabel,Avarne,mavarne36@go.com,Female,124-771-1731
116,Sari,Brainsby,sbrainsby37@ask.com,Polygender,227-505-8899
117,Chastity,Vinick,cvinick38@hud.gov,Genderfluid,572-495-6634
118,Susan,de Broke,sdebroke39@marriott.com,Female,205-108-3046
119,Salomone,Sheekey,ssheekey3a@deliciousdays.com,Agender,138-849-2088
120,Dinny,Pairpoint,dpairpoint3b@ezinearticles.com,Female,101-210-8243
121,Melantha,Jeffcock,mjeffcock3c@freewebs.com,Non-binary,252-380-1136
122,Alverta,Woofinden,awoofinden3d@google.com,Bigender,117-122-4773
123,Mirilla,Balderson,mbalderson3e@example.com,Male,298-205-2133
124,Gale,Challoner,gchalloner3f@toplist.cz,Agender,783-945-1069
125,Baxie,Georgeon,bgeorgeon3g@sphinn.com,Polygender,127-902-8950
126,Pincus,Wade,pwade3h@ted.com,Genderfluid,668-114-0652
127,Rutter,Locks,rlocks3i@google.ru,Non-binary,945-894-0511
128,Rozamond,Ledford,rledford3j@nba.com,Polygender,917-972-6578
129,Kathie,Teffrey,kteffrey3k@ed.gov,Male,987-232-5328
130,Dallas,Letchford,dletchford3l@ucsd.edu,Genderqueer,279-162-6924
131,Clementia,Shah,cshah3m@cpanel.net,Bigender,783-166-7745
132,Belinda,Habershaw,bhabershaw3n@dot.gov,Genderqueer,568-972-4510
133,Lois,Joseland,ljoseland3o@cisco.com,Genderfluid,769-149-4101
134,Abba,Garm,agarm3p@ebay.co.uk,Female,657-705-9049
135,Smitty,Dmitrievski,sdmitrievski3q@europa.eu,Genderqueer,773-714-4831
136,Dolph,Birt,dbirt3r@oakley.com,Genderfluid,949-413-9049
137,Bianka,McKinlay,bmckinlay3s@rambler.ru,Female,349-616-4990
138,Krissy,McDyer,kmcdyer3t@usgs.gov,Female,689-803-0466
139,Ely,Grissett,egrissett3u@qq.com,Agender,388-600-8461
140,Michaela,Cauderlie,mcauderlie3v@sphinn.com,Bigender,167-991-4994
141,Ora,Schimke,oschimke3w@xrea.com,Non-binary,275-417-1194
142,Foster,Crich,fcrich3x@smh.com.au,Genderfluid,330-640-6651
143,Stu,Jelly,sjelly3y@canalblog.com,Agender,107-150-1839
144,Reinaldo,Trevains,rtrevains3z@dion.ne.jp,Genderfluid,870-206-9403
145,Robbyn,Eagell,reagell40@intel.com,Non-binary,675-396-9407
146,Marcile,Balston,mbalston41@deviantart.com,Non-binary,930-302-0120
147,Jaye,Borsay,jborsay42@timesonline.co.uk,Genderfluid,138-282-6969
148,Edwin,Rack,erack43@biblegateway.com,Polygender,495-192-0359
149,Darill,Foulsham,dfoulsham44@cam.ac.uk,Agender,857-274-1894
150,Wenda,Hainning,whainning45@blog.com,Polygender,658-615-2124
151,Allys,Neller,aneller46@prnewswire.com,Non-binary,702-487-8383
152,Flynn,Brodbin,fbrodbin47@1688.com,Agender,853-755-9017
153,Ted,Brien,tbrien48@nhs.uk,Bigender,477-992-1321
154,Nilson,Holbury,nholbury49@feedburner.com,Bigender,692-693-5649
155,Urson,O'Deoran,uodeoran4a@npr.org,Agender,290-910-3737
156,Rosemarie,Joule,rjoule4b@flavors.me,Agender,701-566-9745
157,Vincenz,Klimowski,vklimowski4c@nba.com,Bigender,494-810-3717
158,Aubrie,Milton,amilton4d@usda.gov,Female,105-543-6754
159,Kerrie,Farny,kfarny4e@google.nl,Genderfluid,185-114-5411
160,Berenice,Kanter,bkanter4f@dedecms.com,Non-binary,108-552-6474
161,Vidovik,Ledster,vledster4g@dagondesign.com,Non-binary,134-242-7961
162,Emlyn,Hatterslay,ehatterslay4h@blinklist.com,Genderqueer,368-456-0853
163,Talia,Northrop,tnorthrop4i@wiley.com,Agender,332-294-0921
164,Tedie,Mebius,tmebius4j@cyberchimps.com,Genderfluid,406-177-7625
165,Laney,Kropp,lkropp4k@acquirethisname.com,Non-binary,328-257-5302
166,Donal,Dymond,ddymond4l@addtoany.com,Female,572-398-7787
167,Alysia,Ayerst,aayerst4m@cbsnews.com,Polygender,743-204-5923
168,Cesare,Barsby,cbarsby4n@dailymotion.com,Genderfluid,858-948-2152
169,Scotty,Gantlett,sgantlett4o@wordpress.org,Female,923-270-5197
170,Felice,Davidge,fdavidge4p@timesonline.co.uk,Male,298-465-8056
171,Christoper,Argrave,cargrave4q@twitter.com,Bigender,489-547-5788
172,Alain,Rice,arice4r@slate.com,Male,442-940-5601
173,Charlena,Kilvington,ckilvington4s@cornell.edu,Male,832-834-3834
174,Sissy,Rosenstiel,srosenstiel4t@instagram.com,Genderfluid,214-477-3191
175,Berk,Peres,bperes4u@wikimedia.org,Agender,883-930-2032
176,Devlen,Spelsbury,dspelsbury4v@github.io,Non-binary,209-949-0729
177,Blithe,Sargeant,bsargeant4w@europa.eu,Agender,523-619-8637
178,Howey,Snowman,hsnowman4x@rambler.ru,Male,789-937-7671
179,Ethelred,Rootes,erootes4y@yolasite.com,Genderfluid,818-428-1801
180,Ninetta,Turban,nturban4z@aboutads.info,Polygender,687-717-3560
181,Madge,Colin,mcolin50@addthis.com,Polygender,958-785-5286
182,Harland,Tellesson,htellesson51@tripadvisor.com,Bigender,484-471-5026
183,Lucien,Lempke,llempke52@biblegateway.com,Female,444-891-3798
184,Starla,Stonner,sstonner53@patch.com,Genderqueer,988-920-8206
185,Thorpe,Lugden,tlugden54@livejournal.com,Agender,159-673-4867
186,Willy,Lujan,wlujan55@hexun.com,Female,673-543-5599
187,Theressa,Rivallant,trivallant56@webmd.com,Male,523-552-3283
188,Gwendolen,Strowthers,gstrowthers57@phpbb.com,Genderfluid,240-887-2905
189,Erin,Aliman,ealiman58@bizjournals.com,Non-binary,662-371-2112
190,Devora,Bunkle,dbunkle59@bigcartel.com,Non-binary,142-914-4737
191,Sondra,Pittham,spittham5a@blogtalkradio.com,Genderqueer,191-732-0627
192,Ash,Loxston,aloxston5b@jimdo.com,Genderqueer,936-743-1329
193,Rivkah,Lingwood,rlingwood5c@cafepress.com,Bigender,923-815-5860
194,Dionisio,Whittlesea,dwhittlesea5d@storify.com,Agender,332-309-1715
195,Fedora,Matysiak,fmatysiak5e@mail.ru,Bigender,662-309-4933
196,Calhoun,Foort,cfoort5f@imageshack.us,Genderfluid,365-157-8423
197,Nisse,Pattullo,npattullo5g@ibm.com,Agender,492-240-7237
198,Juieta,Ceschini,jceschini5h@marketwatch.com,Genderqueer,162-318-7619
199,Eryn,Shinfield,eshinfield5i@goodreads.com,Male,856-643-9981
200,Erna,Turpie,eturpie5j@wunderground.com,Genderfluid,255-201-6489
201,Wallache,Gooderridge,wgooderridge5k@purevolume.com,Non-binary,226-495-2378
202,Carri,Matashkin,cmatashkin5l@live.com,Female,653-552-2961
203,Jackie,Horsley,jhorsley5m@freewebs.com,Agender,322-455-5851
204,Dita,Pauley,dpauley5n@springer.com,Bigender,592-710-1764
205,Andromache,China,achina5o@edublogs.org,Genderqueer,784-749-2930
206,Layla,Bysh,lbysh5p@nps.gov,Female,922-342-2279
207,Guillema,Lineker,glineker5q@hubpages.com,Male,935-184-2281
208,Winfred,Gabbidon,wgabbidon5r@sun.com,Non-binary,491-413-4338
209,Bartlet,Sheehan,bsheehan5s@livejournal.com,Genderqueer,404-453-5640
210,Bruno,Prosek,bprosek5t@forbes.com,Non-binary,592-191-3758
211,Sheeree,Havill,shavill5u@barnesandnoble.com,Non-binary,228-659-9226
212,Claybourne,Douthwaite,cdouthwaite5v@amazonaws.com,Non-binary,324-616-6376
213,Dena,Lodwig,dlodwig5w@harvard.edu,Bigender,957-669-8018
214,Howard,Dibben,hdibben5x@squarespace.com,Agender,512-490-0616
215,Isobel,Silcock,isilcock5y@mysql.com,Genderfluid,221-629-7693
216,Hi,Bruhke,hbruhke5z@topsy.com,Genderqueer,627-576-6626
217,Bren,O'Shea,boshea60@tamu.edu,Genderfluid,107-160-5733
218,Kirsti,Slemming,kslemming61@sourceforge.net,Genderqueer,456-468-8679
219,Aloysius,Cappel,acappel62@ihg.com,Non-binary,514-124-6925
220,Lin,Probet,lprobet63@latimes.com,Bigender,696-986-6462
221,Bruce,McCromley,bmccromley64@instagram.com,Female,926-188-0760
222,Tersina,Weildish,tweildish65@ucsd.edu,Male,921-361-4795
223,Winne,Jerok,wjerok66@cargocollective.com,Non-binary,547-392-2632
224,Gigi,Birkett,gbirkett67@unesco.org,Polygender,710-412-6530
225,Burch,Lilburn,blilburn68@prweb.com,Polygender,797-438-7088
226,Mathilda,Cristofvao,mcristofvao69@google.de,Female,985-657-9327
227,Moyra,Godlonton,mgodlonton6a@hp.com,Female,904-460-7763
228,Granthem,Schaumann,gschaumann6b@usatoday.com,Genderfluid,230-699-1835
229,Kaylee,Saura,ksaura6c@ustream.tv,Agender,903-713-2273
230,Gloriane,Winsom,gwinsom6d@prweb.com,Non-binary,119-922-3443
231,Elvin,Pegden,epegden6e@ucla.edu,Polygender,336-591-2432
232,Katherina,Wilacot,kwilacot6f@tiny.cc,Genderqueer,874-535-3013
233,Robenia,Iacovides,riacovides6g@mtv.com,Male,963-263-9350
234,Darya,Blenkhorn,dblenkhorn6h@dyndns.org,Polygender,191-939-1587
235,Shaina,Alcide,salcide6i@shop-pro.jp,Agender,801-280-7941
236,Maire,Burstowe,mburstowe6j@unblog.fr,Genderfluid,148-369-1902
237,Tabbie,Everiss,teveriss6k@tripadvisor.com,Female,759-516-6981
238,Kimberly,Durran,kdurran6l@uiuc.edu,Genderqueer,310-439-4369
239,Alana,Maffini,amaffini6m@sakura.ne.jp,Polygender,195-301-6080
240,Roberta,Dash,rdash6n@etsy.com,Bigender,773-746-3108
241,Tim,Welldrake,twelldrake6o@wisc.edu,Genderfluid,622-478-6917
242,Sybyl,Gwyer,sgwyer6p@google.nl,Non-binary,457-760-6689
243,Kristina,Stiles,kstiles6q@posterous.com,Bigender,294-270-7403
244,Donall,Matkovic,dmatkovic6r@nps.gov,Female,963-139-6813
245,Meris,Ithell,mithell6s@indiatimes.com,Agender,362-771-8580
246,Kira,Blagbrough,kblagbrough6t@people.com.cn,Agender,311-918-1848
247,Juan,Sheffield,jsheffield6u@simplemachines.org,Polygender,878-804-2058
248,Hashim,Schole,hschole6v@engadget.com,Bigender,641-492-4483
249,Evey,Huntriss,ehuntriss6w@wikispaces.com,Genderfluid,520-815-9674
250,Zabrina,MacArte,zmacarte6x@independent.co.uk,Agender,344-551-8481
251,Inigo,Livzey,ilivzey6y@rakuten.co.jp,Polygender,271-372-6756
252,Isahella,Mitie,imitie6z@free.fr,Non-binary,713-982-8989
253,Tricia,Rowdell,trowdell70@howstuffworks.com,Genderfluid,697-265-1722
254,Valerie,Gooden,vgooden71@4shared.com,Female,422-770-8454
255,Carlin,Stidworthy,cstidworthy72@state.tx.us,Male,441-106-4157
256,Gerardo,Hasser,ghasser73@chron.com,Bigender,539-562-8066
257,Loleta,Kynson,lkynson74@blog.com,Male,525-222-9381
258,Lynett,Plumbe,lplumbe75@newyorker.com,Polygender,799-419-2419
259,Benn,Llewhellin,bllewhellin76@bizjournals.com,Genderfluid,393-391-7274
260,Toddy,Stanway,tstanway77@hostgator.com,Genderqueer,732-605-0140
261,Britni,Covington,bcovington78@blogtalkradio.com,Agender,472-343-4802
262,Nickie,Villar,nvillar79@independent.co.uk,Non-binary,691-113-8158
263,Natassia,Gaisford,ngaisford7a@github.com,Non-binary,164-919-6586
264,Rey,Placidi,rplacidi7b@discuz.net,Non-binary,127-479-2542
265,Janeta,Waryk,jwaryk7c@va.gov,Genderqueer,205-370-5986
266,Merrel,Rimbault,mrimbault7d@salon.com,Polygender,147-535-2380
267,Barbee,Scoffham,bscoffham7e@soup.io,Female,548-318-6151
268,Celestia,Maulin,cmaulin7f@miitbeian.gov.cn,Genderfluid,185-526-9106
269,Ricard,McVey,rmcvey7g@github.io,Polygender,427-222-4851
270,Della,Greasty,dgreasty7h@soup.io,Genderfluid,685-467-6001
271,Lari,Temple,ltemple7i@theatlantic.com,Genderfluid,717-479-5964
272,Robbert,Croall,rcroall7j@fema.gov,Bigender,384-847-4893
273,Yul,Worrall,yworrall7k@earthlink.net,Male,510-212-4281
274,Leeland,Lawfull,llawfull7l@berkeley.edu,Male,715-911-4657
275,Nissy,Gateland,ngateland7m@google.nl,Bigender,773-394-6895
276,Almeria,Spitaro,aspitaro7n@newyorker.com,Agender,464-725-7094
277,Kylie,Willicott,kwillicott7o@dailymotion.com,Polygender,888-912-9085
278,Jaimie,Dogerty,jdogerty7p@scribd.com,Non-binary,931-930-0259
279,Lisha,Runchman,lrunchman7q@techcrunch.com,Bigender,697-648-4167
280,Granny,Mifflin,gmifflin7r@theatlantic.com,Polygender,102-572-4275
281,Colette,Dunnet,cdunnet7s@nymag.com,Agender,309-192-3201
282,Grange,Bolland,gbolland7t@sina.com.cn,Polygender,999-958-5847
283,Connie,Repp,crepp7u@wikimedia.org,Genderfluid,404-616-5203
284,Bordy,Gail,bgail7v@va.gov,Polygender,751-617-8194
285,Teddy,Massimo,tmassimo7w@baidu.com,Agender,161-634-8447
286,Tiphanie,Blakebrough,tblakebrough7x@wordpress.org,Male,509-647-5667
287,Rebekkah,Mitro,rmitro7y@webeden.co.uk,Male,936-671-4667
288,Dasi,Eggerton,deggerton7z@taobao.com,Female,780-653-5865
289,Colene,Antoniewicz,cantoniewicz80@va.gov,Male,786-870-6634
290,Pavlov,Magee,pmagee81@taobao.com,Genderfluid,905-772-8980
291,Franz,Addicott,faddicott82@newyorker.com,Bigender,777-537-8405
292,Tricia,Antonov,tantonov83@eepurl.com,Agender,376-288-9876
293,Denyse,Kittow,dkittow84@com.com,Non-binary,259-275-0566
294,Ranique,Heale,rheale85@blogger.com,Female,150-429-2797
295,Aurora,Alebrooke,aalebrooke86@edublogs.org,Polygender,489-873-8330
296,Nikkie,Chew,nchew87@fastcompany.com,Agender,222-101-1578
297,Tamarah,Lucks,tlucks88@blogger.com,Genderqueer,991-851-3890
298,Dyanne,Beverley,dbeverley89@joomla.org,Polygender,646-736-3398
299,Faydra,Bartlomiejczyk,fbartlomiejczyk8a@thetimes.co.uk,Genderfluid,737-316-1236
300,Niles,Gorick,ngorick8b@dropbox.com,Genderfluid,847-441-5000
301,Cathe,Champneys,cchampneys8c@ucsd.edu,Female,231-857-2590
302,Ninon,Seath,nseath8d@springer.com,Female,874-874-1782
303,Leah,Gillison,lgillison8e@nasa.gov,Non-binary,428-704-3928
304,Shandee,Sever,ssever8f@mysql.com,Genderqueer,282-503-0971
305,Olympia,Stone,ostone8g@shinystat.com,Female,424-235-7089
306,Yehudi,Bearcroft,ybearcroft8h@uol.com.br,Genderqueer,483-697-3164
307,Carena,Veck,cveck8i@mac.com,Genderqueer,289-746-5308
308,Isaak,Dawkes,idawkes8j@dailymotion.com,Genderfluid,886-686-4064
309,Isaiah,Allsupp,iallsupp8k@arizona.edu,Polygender,427-134-3743
310,Rainer,Dearnley,rdearnley8l@godaddy.com,Bigender,780-400-7625
311,Koenraad,Pinnocke,kpinnocke8m@hexun.com,Genderfluid,342-309-7925
312,Isaiah,D'Aubney,idaubney8n@discovery.com,Male,406-389-2151
313,Farlee,Crispin,fcrispin8o@soup.io,Male,872-212-3060
314,Davin,Chamney,dchamney8p@sfgate.com,Agender,179-128-9480
315,Olimpia,Connold,oconnold8q@abc.net.au,Bigender,181-157-4270
316,Meir,Sully,msully8r@elpais.com,Male,720-651-8578
317,Carlynne,Fludgate,cfludgate8s@indiegogo.com,Genderfluid,612-809-4027
318,Fairleigh,Vevers,fvevers8t@mapy.cz,Male,222-714-8350
319,Sloane,Elder,selder8u@weibo.com,Non-binary,960-511-5198
320,Emilia,Beak,ebeak8v@tuttocitta.it,Agender,556-752-0354
321,Esme,Andrez,eandrez8w@comsenz.com,Agender,894-844-6114
322,Gil,Collough,gcollough8x@wordpress.org,Male,506-661-8931
323,Dorotea,Lugard,dlugard8y@mail.ru,Agender,789-966-4663
324,Danyette,Fazan,dfazan8z@prweb.com,Non-binary,545-658-6193
325,John,Forri,jforri90@china.com.cn,Genderfluid,874-784-8734
326,Beckie,Leavesley,bleavesley91@arstechnica.com,Polygender,228-932-6725
327,Henry,Chilton,hchilton92@miibeian.gov.cn,Genderfluid,912-669-6084
328,Petronia,Divisek,pdivisek93@free.fr,Male,853-421-0567
329,Glenda,Hallum,ghallum94@scientificamerican.com,Male,473-917-8520
330,Brigham,Cayser,bcayser95@scientificamerican.com,Non-binary,181-584-8900
331,Ailee,Settle,asettle96@psu.edu,Agender,538-856-3114
332,Norri,Swepstone,nswepstone97@google.com.hk,Polygender,377-581-4025
333,Calla,Ivain,civain98@vistaprint.com,Bigender,983-417-7929
334,Wernher,Dillon,wdillon99@dmoz.org,Male,377-504-3792
335,Grannie,Thorsby,gthorsby9a@lulu.com,Bigender,422-919-2457
336,Petrina,Pashler,ppashler9b@dion.ne.jp,Non-binary,725-859-3140
337,Marrilee,Bessell,mbessell9c@symantec.com,Genderqueer,948-370-4110
338,Tommy,Dibbert,tdibbert9d@meetup.com,Female,597-307-3931
339,Gipsy,Winspurr,gwinspurr9e@free.fr,Genderqueer,195-849-2115
340,Arnuad,MacVay,amacvay9f@vistaprint.com,Polygender,821-238-6662
341,Lyssa,Grishagin,lgrishagin9g@usda.gov,Genderfluid,870-362-7457
342,Melony,Lorrie,mlorrie9h@plala.or.jp,Female,342-408-0807
343,Ruthe,Decker,rdecker9i@opera.com,Female,448-750-9002
344,Illa,Nield,inield9j@facebook.com,Bigender,537-194-1560
345,Isabel,Kobiera,ikobiera9k@icio.us,Genderqueer,393-254-0933
346,Ileane,Orwin,iorwin9l@spiegel.de,Non-binary,252-336-0205
347,Tobit,Chard,tchard9m@walmart.com,Agender,521-658-5956
348,Ephrayim,Gorrie,egorrie9n@umich.edu,Bigender,966-479-0500
349,Perkin,Lerego,plerego9o@hc360.com,Bigender,112-305-9337
350,Braden,Ferentz,bferentz9p@hugedomains.com,Genderqueer,597-996-9379
351,Kleon,Ellwell,kellwell9q@dyndns.org,Male,913-175-5033
352,Evanne,Calverley,ecalverley9r@sourceforge.net,Non-binary,975-907-7153
353,Salmon,Painten,spainten9s@wix.com,Agender,266-511-6535
354,Roma,Dimnage,rdimnage9t@newyorker.com,Genderqueer,638-510-9368
355,Tabbitha,Byers,tbyers9u@nbcnews.com,Genderfluid,650-904-9352
356,Petey,Bendle,pbendle9v@marriott.com,Genderfluid,586-559-4235
357,Galvan,Whetland,gwhetland9w@dot.gov,Genderqueer,160-377-6630
358,Mayne,Paty,mpaty9x@census.gov,Genderqueer,263-282-5288
359,Salomon,Kretschmer,skretschmer9y@flavors.me,Non-binary,881-144-8083
360,Rianon,O'Sherin,rosherin9z@ocn.ne.jp,Bigender,837-592-7090
361,Colline,Finey,cfineya0@youtube.com,Polygender,202-311-1151
362,Nola,Mayte,nmaytea1@google.cn,Male,591-957-0985
363,Verne,MacTrustam,vmactrustama2@home.pl,Non-binary,883-557-4847
364,Sallie,Brecken,sbreckena3@usatoday.com,Polygender,288-402-8942
365,Florella,Slorach,fsloracha4@sina.com.cn,Genderqueer,200-747-9168
366,Jacquelynn,Oxberry,joxberrya5@umich.edu,Polygender,579-175-1395
367,Claudia,Fant,cfanta6@uiuc.edu,Genderqueer,361-251-3316
368,Vanessa,Birden,vbirdena7@123-reg.co.uk,Agender,497-857-3099
369,Britteny,Fraczek,bfraczeka8@theglobeandmail.com,Female,841-579-6345
370,Debora,Sigars,dsigarsa9@bbb.org,Female,265-824-1241
371,Emlyn,Astbury,eastburyaa@wufoo.com,Genderfluid,736-943-1913
372,Joby,Strutton,jstruttonab@bbb.org,Polygender,740-935-4076
373,Lonnie,Beckson,lbecksonac@jugem.jp,Bigender,728-996-7434
374,Nappy,Ribou,nribouad@si.edu,Male,212-979-7694
375,Cornelle,Putterill,cputterillae@about.me,Genderfluid,577-399-3011
376,Lotty,Brahms,lbrahmsaf@forbes.com,Female,544-887-4067
377,Derron,Kirwan,dkirwanag@army.mil,Bigender,845-752-3484
378,Gottfried,Elcox,gelcoxah@psu.edu,Polygender,299-441-4563
379,Deerdre,Daingerfield,ddaingerfieldai@biglobe.ne.jp,Agender,766-305-0691
380,Aymer,Gall,agallaj@walmart.com,Female,450-503-9321
381,Corbin,Majury,cmajuryak@google.co.uk,Non-binary,165-138-7174
382,Myrvyn,Savatier,msavatieral@sina.com.cn,Genderfluid,887-477-4481
383,Lorita,Oxlade,loxladeam@cloudflare.com,Agender,712-551-8757
384,Guinna,MacKeller,gmackelleran@mapquest.com,Non-binary,652-541-5700
385,Kym,Hazeman,khazemanao@webs.com,Genderqueer,917-716-6416
386,Collin,Dutch,cdutchap@taobao.com,Male,459-844-0408
387,Yolanda,Gillott,ygillottaq@macromedia.com,Male,919-841-3598
388,Barbara,Antunez,bantunezar@un.org,Polygender,442-315-0091
389,Pepe,Seamons,pseamonsas@moonfruit.com,Male,402-191-2020
390,Angelina,Presnail,apresnailat@bloglines.com,Genderqueer,465-612-0396
391,Mar,Hughill,mhughillau@google.pl,Genderfluid,679-918-9813
392,Halette,Janson,hjansonav@amazon.co.uk,Genderqueer,497-748-0716
393,Cody,Yurikov,cyurikovaw@ocn.ne.jp,Agender,200-251-7691
394,Christan,Fillon,cfillonax@wp.com,Non-binary,596-491-7193
395,Kaitlyn,Eckery,keckeryay@uiuc.edu,Non-binary,304-207-3777
396,Velvet,Hierro,vhierroaz@samsung.com,Non-binary,728-507-4991
397,Laura,Workman,lworkmanb0@umn.edu,Agender,466-911-4354
398,Edita,Freer,efreerb1@nsw.gov.au,Female,125-153-0546
399,Abran,Mignot,amignotb2@imdb.com,Genderqueer,190-554-2196
400,Piggy,Beet,pbeetb3@illinois.edu,Agender,206-596-1667
401,Corby,Bande,cbandeb4@theatlantic.com,Genderqueer,516-779-6617
402,Marco,Searchwell,msearchwellb5@wufoo.com,Female,139-136-7045
403,Kev,Forcade,kforcadeb6@hc360.com,Female,260-780-8167
404,Raphaela,Ciotti,rciottib7@netvibes.com,Genderqueer,262-783-8884
405,Sonnie,Bartke,sbartkeb8@comcast.net,Female,626-666-9437
406,Nydia,Morgon,nmorgonb9@microsoft.com,Non-binary,619-695-5358
407,Gery,Cockshot,gcockshotba@nasa.gov,Polygender,497-609-0292
408,Wayne,Deppe,wdeppebb@bing.com,Bigender,564-304-9025
409,Bax,Sarjant,bsarjantbc@mashable.com,Genderfluid,286-227-6989
410,Palmer,Skinner,pskinnerbd@cmu.edu,Polygender,198-380-0578
411,Hyacinthe,Iacivelli,hiacivellibe@patch.com,Bigender,727-206-9714
412,Elysha,Gargett,egargettbf@marketwatch.com,Non-binary,601-560-2869
413,Ardine,Juniper,ajuniperbg@forbes.com,Non-binary,156-668-5708
414,Rubie,Hanretty,rhanrettybh@fema.gov,Genderqueer,961-931-8488
415,Melanie,Prahl,mprahlbi@dailymotion.com,Genderqueer,646-483-3159
416,Renado,Sumshon,rsumshonbj@ca.gov,Agender,138-999-5988
417,Otha,Conachy,oconachybk@rediff.com,Genderqueer,825-165-4033
418,Angie,Bascomb,abascombbl@php.net,Non-binary,252-466-4536
419,Stormie,Mary,smarybm@ycombinator.com,Agender,692-415-2284
420,Kristy,Housego,khousegobn@yahoo.co.jp,Polygender,922-517-8792
421,Effie,McGhie,emcghiebo@va.gov,Agender,975-306-1579
422,Kaila,Baake,kbaakebp@google.es,Male,816-241-0563
423,Demetris,Spollen,dspollenbq@taobao.com,Genderfluid,225-127-4147
424,Patty,Slay,pslaybr@sphinn.com,Female,310-821-2420
425,Javier,Nicklinson,jnicklinsonbs@addtoany.com,Non-binary,140-550-2833
426,Bobina,Kolodziejski,bkolodziejskibt@cocolog-nifty.com,Polygender,769-543-7122
427,Sylvia,Goadsby,sgoadsbybu@ebay.com,Male,336-264-0126
428,Chancey,Glanert,cglanertbv@indiegogo.com,Male,790-198-3726
429,Ira,McGifford,imcgiffordbw@homestead.com,Female,432-972-7374
430,Adella,Oades,aoadesbx@ucsd.edu,Non-binary,175-571-3868
431,Muffin,Lindblad,mlindbladby@boston.com,Female,350-761-3312
432,Filberte,Lehrian,flehrianbz@loc.gov,Genderqueer,373-129-8390
433,Kory,Caughey,kcaugheyc0@kickstarter.com,Genderfluid,668-500-1217
434,Dionisio,Di Maggio,ddimaggioc1@soundcloud.com,Bigender,684-558-2480
435,Evie,McRill,emcrillc2@alibaba.com,Male,599-303-6018
436,Ardis,Moodycliffe,amoodycliffec3@wunderground.com,Genderfluid,962-657-2500
437,Alessandra,Spry,aspryc4@intel.com,Bigender,238-683-4595
438,Blinni,Boyack,bboyackc5@xinhuanet.com,Genderqueer,502-773-4826
439,Filmer,Duffit,fduffitc6@paginegialle.it,Agender,626-702-4533
440,Loydie,Kaes,lkaesc7@xrea.com,Male,372-558-2483
441,Gene,Vowells,gvowellsc8@smh.com.au,Genderqueer,138-133-2921
442,Anna-diana,Whittet,awhittetc9@cnn.com,Non-binary,100-113-6952
443,Jamaal,Kobes,jkobesca@vinaora.com,Agender,786-127-1488
444,Melitta,O' Meara,momearacb@baidu.com,Genderfluid,248-607-5513
445,Stepha,Ashwin,sashwincc@cnn.com,Polygender,221-671-1807
446,Marylou,Pollie,mpolliecd@nature.com,Non-binary,383-979-3168
447,Hyacintha,Croom,hcroomce@upenn.edu,Non-binary,914-953-1176
448,Nesta,Trimby,ntrimbycf@google.fr,Polygender,279-429-2324
449,Bobby,Lendon,blendoncg@engadget.com,Polygender,664-302-7787
450,Margalo,Grieves,mgrievesch@ibm.com,Female,930-655-8318
451,Donia,Messruther,dmessrutherci@fc2.com,Agender,824-465-0014
452,Elnar,Arnaldy,earnaldycj@creativecommons.org,Female,824-303-1336
453,Milka,Harsant,mharsantck@google.es,Non-binary,190-866-9879
454,Bartolemo,Checchetelli,bchecchetellicl@npr.org,Bigender,351-747-8027
455,Amalie,Eallis,aealliscm@scribd.com,Male,482-366-0068
456,Darnall,Maryan,dmaryancn@dmoz.org,Non-binary,467-285-2724
457,Jerome,Wyness,jwynessco@flickr.com,Bigender,263-457-3148
458,Tudor,Kobel,tkobelcp@altervista.org,Non-binary,388-721-2894
459,Randi,Kelsey,rkelseycq@disqus.com,Bigender,840-974-5098
460,Hertha,Gibbieson,hgibbiesoncr@sphinn.com,Polygender,203-450-3322
461,Andres,Van Salzberger,avansalzbergercs@springer.com,Female,927-207-2715
462,Jacki,Sebborn,jsebbornct@t-online.de,Genderfluid,330-493-3257
463,Baily,Olden,boldencu@marriott.com,Male,590-355-4627
464,Rafael,Guerra,rguerracv@ihg.com,Bigender,745-740-3468
465,Allayne,Barsby,abarsbycw@gizmodo.com,Bigender,195-938-8491
466,Rennie,Caddies,rcaddiescx@oracle.com,Female,142-939-5732
467,Murdock,Miguel,mmiguelcy@narod.ru,Non-binary,913-206-1934
468,Arlana,Blumsom,ablumsomcz@boston.com,Genderfluid,719-388-2863
469,Harmonie,Duchesne,hduchesned0@unicef.org,Polygender,659-603-7861
470,Herta,Ellis,hellisd1@gmpg.org,Agender,976-379-0387
471,Clara,Gaymar,cgaymard2@usatoday.com,Female,272-294-7781
472,Antony,Craighill,acraighilld3@freewebs.com,Non-binary,325-660-0820
473,Mariam,Hammelberg,mhammelbergd4@newyorker.com,Genderfluid,492-347-7483
474,Brose,Wolffers,bwolffersd5@delicious.com,Non-binary,521-784-5485
475,Lou,Spare,lspared6@netvibes.com,Genderqueer,346-200-4325
476,Kathryn,Volk,kvolkd7@posterous.com,Bigender,864-881-5164
477,Verney,Curphey,vcurpheyd8@dagondesign.com,Polygender,772-270-5582
478,Regan,Halden,rhaldend9@spotify.com,Female,181-388-2836
479,Maia,Peret,mperetda@slate.com,Genderfluid,413-924-1558
480,Vic,Terris,vterrisdb@admin.ch,Genderqueer,633-516-3259
481,Jannel,Ferron,jferrondc@techcrunch.com,Male,273-842-5356
482,Consuelo,Middle,cmiddledd@google.com,Genderqueer,893-696-5074
483,Odey,Hawlgarth,ohawlgarthde@eepurl.com,Genderfluid,808-383-6585
484,Monty,Lambie,mlambiedf@mit.edu,Agender,766-173-0298
485,Edith,Blesing,eblesingdg@chronoengine.com,Agender,886-442-2920
486,Mirna,Tume,mtumedh@ox.ac.uk,Genderqueer,175-579-4745
487,Shurlocke,Barrowclough,sbarrowcloughdi@livejournal.com,Female,703-298-2519
488,Sherilyn,Partridge,spartridgedj@forbes.com,Genderfluid,223-370-1201
489,Netty,Hanscomb,nhanscombdk@whitehouse.gov,Male,231-937-4920
490,Natale,Von Der Empten,nvonderemptendl@jimdo.com,Genderfluid,556-138-5546
491,Shaine,Ballance,sballancedm@google.it,Female,179-844-6823
492,Doy,Eardley,deardleydn@chicagotribune.com,Agender,444-661-1089
493,Cherice,Penhalewick,cpenhalewickdo@so-net.ne.jp,Non-binary,888-960-9684
494,Johny,Axup,jaxupdp@myspace.com,Bigender,649-346-2020
495,Zebedee,Plunket,zplunketdq@weather.com,Agender,326-666-4217
496,Wain,Grishukov,wgrishukovdr@ebay.com,Genderqueer,244-595-0293
497,Adda,Keppie,akeppieds@mediafire.com,Non-binary,640-670-3053
498,Lanae,Adnet,ladnetdt@nymag.com,Male,969-979-7361
499,Ludvig,Jerrams,ljerramsdu@xinhuanet.com,Female,812-558-6816
500,Johnathon,Hutchin,jhutchindv@sciencedirect.com,Genderfluid,838-142-1153
501,Anthia,Silmon,asilmondw@ca.gov,Agender,953-520-3904
502,Mile,Bottlestone,mbottlestonedx@smugmug.com,Male,512-504-5727
503,Rainer,McDougal,rmcdougaldy@jalbum.net,Female,938-745-3084
504,Paton,Broszkiewicz,pbroszkiewiczdz@whitehouse.gov,Polygender,269-269-3483
505,Ashlen,Dacey,adaceye0@mozilla.org,Genderfluid,860-594-1019
506,Micky,McCathy,mmccathye1@bbb.org,Male,978-216-3328
507,Wilhelmina,Dreger,wdregere2@flickr.com,Female,362-538-3617
508,Nicky,Meenehan,nmeenehane3@ehow.com,Non-binary,557-845-0695
509,Trenton,O'Cooney,tocooneye4@oakley.com,Polygender,226-449-7778
510,Mable,Klainman,mklainmane5@nymag.com,Polygender,881-889-9037
511,Ofilia,McTerrelly,omcterrellye6@sitemeter.com,Polygender,265-328-7978
512,Gregoire,Paulon,gpaulone7@slate.com,Genderqueer,401-956-3126
513,Bekki,Welbourn,bwelbourne8@paginegialle.it,Genderfluid,113-819-4815
514,Annelise,Spurrior,aspurriore9@smh.com.au,Agender,721-102-2805
515,Dilan,Mawson,dmawsonea@time.com,Genderqueer,451-587-9872
516,Graehme,Dredge,gdredgeeb@xing.com,Genderqueer,241-248-8961
517,Sherwynd,Swetmore,sswetmoreec@squarespace.com,Male,585-570-0087
518,Madelin,Henker,mhenkered@typepad.com,Genderfluid,168-285-7223
519,Humbert,Jarred,hjarredee@bandcamp.com,Female,468-412-9380
520,Loella,Spurrier,lspurrieref@netlog.com,Male,868-841-5107
521,Jackelyn,Saltmarsh,jsaltmarsheg@blogger.com,Non-binary,129-563-1720
522,Averill,Greensall,agreensalleh@time.com,Genderfluid,506-693-0046
523,Elbertina,Fearnley,efearnleyei@google.co.uk,Male,778-137-8319
524,Ring,Voden,rvodenej@unesco.org,Genderqueer,174-831-9847
525,Kinsley,Karpfen,kkarpfenek@prweb.com,Genderqueer,746-945-2903
526,Cal,Jaeggi,cjaeggiel@parallels.com,Male,124-654-8831
527,Janene,Colwill,jcolwillem@icq.com,Agender,361-345-1566
528,Helene,Harvey,hharveyen@freewebs.com,Genderfluid,575-154-6458
529,Meg,Andreolli,mandreollieo@mlb.com,Agender,637-320-6255
530,Briano,Crohan,bcrohanep@eepurl.com,Genderfluid,187-823-4499
531,Charlena,Doiley,cdoileyeq@icio.us,Agender,960-261-5778
532,Vincenty,Fedoronko,vfedoronkoer@wiley.com,Female,643-769-5378
533,Saunderson,Conwell,sconwelles@posterous.com,Agender,452-693-4480
534,Alejandro,Preddy,apreddyet@globo.com,Bigender,391-140-2187
535,Kellina,Akid,kakideu@lycos.com,Genderqueer,830-257-8266
536,Alene,Hannay,ahannayev@statcounter.com,Female,250-354-4634
537,Enid,Geri,egeriew@dailymail.co.uk,Bigender,554-614-3213
538,Paola,Rowlands,prowlandsex@cyberchimps.com,Non-binary,303-149-0517
539,Lynnette,McLelland,lmclellandey@smugmug.com,Genderqueer,496-169-2092
540,Elonore,Easeman,eeasemanez@noaa.gov,Polygender,938-947-6247
541,Hattie,Overy,hoveryf0@google.es,Agender,359-949-9936
542,Cam,Benedek,cbenedekf1@icio.us,Bigender,710-865-2473
543,Camile,Gascone,cgasconef2@walmart.com,Bigender,215-518-7694
544,Olia,Ellen,oellenf3@mysql.com,Agender,157-179-2931
545,Melantha,Di Angelo,mdiangelof4@xrea.com,Genderfluid,896-562-3997
546,Raychel,Dorning,rdorningf5@1und1.de,Male,271-785-8048
547,Aristotle,Dible,adiblef6@ucoz.com,Agender,364-234-7707
548,Keri,MacDiarmid,kmacdiarmidf7@arizona.edu,Genderqueer,708-381-5084
549,Kanya,Gorring,kgorringf8@springer.com,Polygender,969-455-1547
550,Mariette,Lebbon,mlebbonf9@flavors.me,Female,608-619-5225
551,Evered,Roulston,eroulstonfa@reuters.com,Bigender,255-180-2525
552,Devonna,Baudon,dbaudonfb@loc.gov,Bigender,779-129-3801
553,Woodrow,Wilkes,wwilkesfc@gov.uk,Genderqueer,827-393-2223
554,Marleah,MacKeever,mmackeeverfd@alibaba.com,Female,931-535-8498
555,Cully,L'Archer,clarcherfe@tumblr.com,Polygender,243-558-8060
556,Morgen,Janaszewski,mjanaszewskiff@moonfruit.com,Genderqueer,637-988-3184
557,Kristien,Lawlings,klawlingsfg@sohu.com,Agender,371-602-8311
558,Eolande,Whoston,ewhostonfh@narod.ru,Genderfluid,801-438-7066
559,Sigismondo,Santi,ssantifi@ebay.co.uk,Female,115-668-3045
560,Valdemar,Miranda,vmirandafj@zimbio.com,Agender,935-849-3898
561,Tawsha,Alyukin,talyukinfk@instagram.com,Genderfluid,959-659-4163
562,Sayer,Ponten,spontenfl@github.com,Non-binary,915-784-4955
563,Natala,Kemetz,nkemetzfm@multiply.com,Genderqueer,384-449-8708
564,Gena,Dowears,gdowearsfn@imageshack.us,Polygender,635-384-8597
565,Rebecca,Leynagh,rleynaghfo@google.ca,Non-binary,558-498-0435
566,Frayda,Izhakov,fizhakovfp@cornell.edu,Genderfluid,167-753-4191
567,Libbi,Stollberger,lstollbergerfq@europa.eu,Agender,910-545-5310
568,Ware,Juggins,wjugginsfr@indiatimes.com,Agender,739-721-1871
569,Monti,Duckering,mduckeringfs@blogs.com,Genderqueer,547-786-7884
570,Ewart,Boocock,eboocockft@census.gov,Non-binary,620-640-4336
571,Babs,Birbeck,bbirbeckfu@1688.com,Female,919-471-8808
572,Teodoor,Carvell,tcarvellfv@google.com.hk,Genderfluid,950-895-9010
573,Prentice,Roskrug,proskrugfw@aol.com,Bigender,989-841-7738
574,Chrissie,Ivanin,civaninfx@cam.ac.uk,Genderqueer,627-157-1601
575,Selena,Grishaev,sgrishaevfy@hubpages.com,Genderfluid,198-747-6944
576,Ansell,McGaughey,amcgaugheyfz@mail.ru,Genderfluid,363-667-9256
577,Alvis,McMichael,amcmichaelg0@cafepress.com,Agender,684-470-3316
578,Leodora,Imrie,limrieg1@t.co,Female,162-786-5086
579,Tansy,Glaister,tglaisterg2@samsung.com,Polygender,617-982-1904
580,Rudd,Millier,rmillierg3@networkadvertising.org,Male,238-555-9218
581,Ardelia,Dawidowsky,adawidowskyg4@tamu.edu,Non-binary,638-496-9158
582,Gracie,Romke,gromkeg5@lulu.com,Genderqueer,351-166-2770
583,Merissa,Camell,mcamellg6@ameblo.jp,Female,636-632-2643
584,Chiarra,Stansbie,cstansbieg7@intel.com,Genderqueer,147-947-1699
585,Trstram,Bilston,tbilstong8@rambler.ru,Polygender,533-220-8040
586,Emeline,Osmant,eosmantg9@wikimedia.org,Male,147-813-2284
587,Yorker,Tocqueville,ytocquevillega@addtoany.com,Genderfluid,481-125-9521
588,Teddy,Adds,taddsgb@time.com,Agender,212-695-8812
589,Anabel,Jepperson,ajeppersongc@furl.net,Male,141-836-5829
590,Lester,Shucksmith,lshucksmithgd@latimes.com,Agender,178-907-8594
591,Cissiee,Killiam,ckilliamge@storify.com,Bigender,236-586-9192
592,Lannie,Ranstead,lransteadgf@apple.com,Male,454-972-9034
593,Millicent,Colling,mcollinggg@hhs.gov,Genderqueer,419-454-2690
594,Franciska,Bailes,fbailesgh@opensource.org,Non-binary,381-496-2136
595,Ezri,Hargreaves,ehargreavesgi@geocities.com,Genderqueer,471-246-3106
596,Valeria,Ingarfield,vingarfieldgj@nyu.edu,Non-binary,954-122-4865
597,Robinette,Harbisher,rharbishergk@example.com,Agender,645-493-2711
598,Lissy,Muddicliffe,lmuddicliffegl@t-online.de,Male,476-608-5498
599,Wyatan,Balding,wbaldinggm@i2i.jp,Female,381-376-5437
600,Roma,Davydkov,rdavydkovgn@networksolutions.com,Bigender,691-705-8820
601,Fields,Bissatt,fbissattgo@springer.com,Agender,698-777-8835
602,Helsa,McRae,hmcraegp@instagram.com,Non-binary,825-531-7437
603,Sanson,Finnis,sfinnisgq@stanford.edu,Male,547-820-2822
604,Piotr,Groven,pgrovengr@foxnews.com,Genderqueer,536-850-3334
605,Rossie,Sondon,rsondongs@ebay.com,Bigender,789-352-2544
606,Fransisco,Lydster,flydstergt@photobucket.com,Agender,277-107-0161
607,Griswold,Cornil,gcornilgu@microsoft.com,Genderfluid,964-661-1190
608,Keelby,Sagg,ksagggv@senate.gov,Genderqueer,206-612-5943
609,Louella,Mart,lmartgw@unc.edu,Male,965-300-1432
610,Alvy,Skett,askettgx@nba.com,Bigender,818-635-1845
611,Sterne,Dybald,sdybaldgy@wikipedia.org,Polygender,220-730-9893
612,Abbott,Whiteoak,awhiteoakgz@rakuten.co.jp,Bigender,215-801-9499
613,Gonzales,Malpass,gmalpassh0@blogspot.com,Female,381-531-8223
614,Zarah,Farrey,zfarreyh1@accuweather.com,Female,438-131-2420
615,Alla,Aggio,aaggioh2@ustream.tv,Genderqueer,762-981-3507
616,Vita,Purkess,vpurkessh3@jiathis.com,Polygender,839-814-0810
617,Marita,Roskams,mroskamsh4@gmpg.org,Bigender,520-915-8895
618,Armand,Renzo,arenzoh5@liveinternet.ru,Genderfluid,548-822-4411
619,Aurea,Sarch,asarchh6@ameblo.jp,Male,272-808-2254
620,Emelina,Furmedge,efurmedgeh7@cpanel.net,Agender,182-865-8536
621,Elayne,Chrystie,echrystieh8@google.com.br,Male,925-122-9756
622,Brook,Gomm,bgommh9@yahoo.co.jp,Female,142-754-5020
623,Ania,Mildmott,amildmottha@friendfeed.com,Agender,284-570-9677
624,Jacinda,Clines,jclineshb@scientificamerican.com,Agender,588-929-9570
625,Maggi,Foker,mfokerhc@ebay.com,Genderqueer,700-243-9735
626,Bernelle,Sandbach,bsandbachhd@cnet.com,Agender,558-410-9142
627,Blaire,Nelles,bnelleshe@rambler.ru,Polygender,884-779-8842
628,Alie,Macer,amacerhf@twitpic.com,Female,485-864-4666
629,Lara,Torrans,ltorranshg@discuz.net,Bigender,193-773-6898
630,Phoebe,Scole,pscolehh@ed.gov,Agender,673-813-2060
631,Krystyna,Hartgill,khartgillhi@un.org,Male,310-740-7356
632,Vernice,Biles,vbileshj@reddit.com,Female,843-831-6377
633,Randie,Bunclark,rbunclarkhk@meetup.com,Agender,214-686-2182
634,Myrwyn,Spearett,mspearetthl@tuttocitta.it,Female,198-977-0535
635,Jarib,Davidesco,jdavidescohm@newyorker.com,Genderqueer,310-353-1595
636,Hasheem,Lawey,hlaweyhn@yellowpages.com,Genderqueer,146-609-6974
637,Adeline,Weddell,aweddellho@archive.org,Bigender,300-410-1526
638,Gallagher,Halsey,ghalseyhp@prnewswire.com,Non-binary,225-336-9669
639,Reeba,Ovise,rovisehq@businesswire.com,Agender,683-242-9386
640,Tymon,Ziemsen,tziemsenhr@upenn.edu,Non-binary,702-366-3628
641,Janette,Dunford,jdunfordhs@clickbank.net,Genderfluid,305-957-3049
642,Skyler,Potier,spotierht@mozilla.org,Non-binary,640-426-1014
643,Tandie,Ruppertz,truppertzhu@people.com.cn,Polygender,859-961-5285
644,Dallon,Vasyatkin,dvasyatkinhv@reverbnation.com,Non-binary,490-787-4155
645,Codee,Lamden,clamdenhw@oracle.com,Polygender,565-619-6738
646,Thor,Osant,tosanthx@w3.org,Bigender,632-439-3854
647,Kerianne,Lesor,klesorhy@rakuten.co.jp,Genderqueer,522-208-0080
648,Delano,Hofer,dhoferhz@lulu.com,Genderqueer,117-513-3973
649,Babs,McGahern,bmcgaherni0@biblegateway.com,Male,275-314-9882
650,Shannon,Brotherwood,sbrotherwoodi1@globo.com,Bigender,936-371-7747
651,Oona,Eldred,oeldredi2@amazonaws.com,Agender,386-909-7749
652,Bearnard,Goldston,bgoldstoni3@hubpages.com,Agender,984-306-0064
653,Margarethe,Lewisham,mlewishami4@virginia.edu,Non-binary,553-228-2061
654,Elfreda,Dalgetty,edalgettyi5@wix.com,Agender,361-573-3863
655,Catina,Hawkeswood,chawkeswoodi6@google.com.br,Agender,737-987-8385
656,Gale,Dunlop,gdunlopi7@hibu.com,Polygender,868-878-4705
657,Hanny,Crust,hcrusti8@storify.com,Non-binary,591-131-3203
658,Stesha,MacSwayde,smacswaydei9@merriam-webster.com,Agender,111-986-9450
659,Juditha,Claisse,jclaisseia@stumbleupon.com,Polygender,728-533-0629
660,Sabina,Stoffers,sstoffersib@pen.io,Female,699-358-6956
661,Annelise,Ziemens,aziemensic@nationalgeographic.com,Genderqueer,361-661-7857
662,Ario,Ather,aatherid@mit.edu,Male,214-620-7599
663,Noelani,Cashman,ncashmanie@addthis.com,Male,366-314-0843
664,Nissie,Syversen,nsyversenif@e-recht24.de,Male,392-298-0577
665,Shelton,Crass,scrassig@hc360.com,Agender,826-336-5989
666,Benji,Siddle,bsiddleih@yahoo.co.jp,Polygender,756-776-8742
667,Towney,Deeman,tdeemanii@usa.gov,Genderfluid,300-395-5299
668,Chryste,Casson,ccassonij@shinystat.com,Genderfluid,410-769-3273
669,Cara,Varlow,cvarlowik@networkadvertising.org,Agender,774-870-0977
670,Susie,Dowears,sdowearsil@unblog.fr,Genderfluid,140-257-1100
671,Peggi,Roony,proonyim@google.cn,Non-binary,980-481-4619
672,Winona,Bowness,wbownessin@phpbb.com,Genderqueer,711-988-0977
673,Yvor,Worley,yworleyio@mail.ru,Genderqueer,997-493-3493
674,Abie,Fancourt,afancourtip@state.gov,Female,852-690-5868
675,Leland,Lovewell,llovewelliq@zimbio.com,Male,745-697-2250
676,Ted,Mabone,tmaboneir@typepad.com,Non-binary,106-168-6815
677,Hilary,Moffet,hmoffetis@mtv.com,Non-binary,424-554-0511
678,Nicolas,Brannon,nbrannonit@scientificamerican.com,Polygender,664-636-3784
679,Starr,Gorhardt,sgorhardtiu@google.it,Male,426-573-9149
680,Steffane,Tacey,staceyiv@1und1.de,Female,162-218-4573
681,Annaliese,Whild,awhildiw@squidoo.com,Bigender,365-324-2310
682,Fredelia,Shone,fshoneix@twitpic.com,Non-binary,229-246-0368
683,Katti,Keizman,kkeizmaniy@deviantart.com,Agender,620-497-4242
684,Hagan,Bourbon,hbourboniz@instagram.com,Bigender,405-911-8034
685,Rhoda,Thomason,rthomasonj0@about.me,Polygender,285-771-0098
686,Wendi,Ewington,wewingtonj1@ezinearticles.com,Non-binary,336-397-9232
687,Cal,Roderham,croderhamj2@mtv.com,Male,777-470-3005
688,Briny,Watters,bwattersj3@wiley.com,Agender,485-868-1094
689,Graehme,Dog,gdogj4@facebook.com,Female,263-926-3107
690,Doyle,Lorenc,dlorencj5@gizmodo.com,Agender,611-653-6606
691,Ravi,Cumine,rcuminej6@last.fm,Genderfluid,264-229-3155
692,Ailis,Buxcey,abuxceyj7@washington.edu,Male,261-833-9050
693,Yuri,Dearsley,ydearsleyj8@bandcamp.com,Male,306-263-3447
694,Padraig,Jasik,pjasikj9@edublogs.org,Bigender,457-550-3235
695,Pauline,McTerrelly,pmcterrellyja@baidu.com,Female,800-655-4671
696,Pascal,Shellsheere,pshellsheerejb@bloglovin.com,Female,292-391-5391
697,D'arcy,Muzzollo,dmuzzollojc@newsvine.com,Non-binary,746-410-2882
698,Stern,Masedon,smasedonjd@va.gov,Bigender,217-741-1174
699,Hadley,Ashall,hashallje@hostgator.com,Agender,433-263-9433
700,Orlando,Dabourne,odabournejf@bloglines.com,Male,450-630-1958
701,Aridatha,Bettenson,abettensonjg@issuu.com,Non-binary,202-814-5904
702,Babs,Jaulmes,bjaulmesjh@cbslocal.com,Male,677-233-2888
703,Kirby,Neilus,kneilusji@blogspot.com,Male,659-208-3096
704,Edith,Meritt,emerittjj@multiply.com,Agender,784-499-4499
705,Mike,Mellor,mmellorjk@bloglines.com,Female,856-670-7003
706,Douglas,Elton,deltonjl@bizjournals.com,Bigender,409-670-4514
707,Dniren,Syme,dsymejm@google.co.jp,Male,109-638-9498
708,Pris,Wilkowski,pwilkowskijn@plala.or.jp,Genderfluid,654-255-0883
709,Winfield,MacGaffey,wmacgaffeyjo@msu.edu,Agender,627-133-4426
710,Row,Bullough,rbulloughjp@studiopress.com,Female,197-859-8307
711,Eleonora,Cracknell,ecracknelljq@bloglines.com,Female,635-652-5831
712,Camile,Mattis,cmattisjr@tmall.com,Female,262-614-3254
713,Joshuah,Braben,jbrabenjs@nymag.com,Polygender,828-581-3261
714,Ruttger,Wigfall,rwigfalljt@hhs.gov,Bigender,174-813-5378
715,Byrle,Breeton,bbreetonju@etsy.com,Polygender,833-493-5504
716,Abbott,Izhaky,aizhakyjv@virginia.edu,Female,332-205-4546
717,Darill,Guiraud,dguiraudjw@wikispaces.com,Agender,190-185-6857
718,Hedvige,Worgan,hworganjx@huffingtonpost.com,Male,849-558-6483
719,Lexine,Ericssen,lericssenjy@phoca.cz,Genderfluid,223-893-8631
720,Winni,Klewer,wklewerjz@ycombinator.com,Genderfluid,444-324-5396
721,Ethan,Riggoll,eriggollk0@intel.com,Polygender,991-650-0136
722,Jaime,Le Marquis,jlemarquisk1@census.gov,Genderfluid,179-648-0855
723,Raffaello,Domel,rdomelk2@netvibes.com,Female,478-836-3637
724,Sigrid,Klein,skleink3@t.co,Genderqueer,638-412-8959
725,Archie,Dowsett,adowsettk4@nyu.edu,Non-binary,733-236-5443
726,Saraann,Geertsen,sgeertsenk5@sun.com,Bigender,410-992-6414
727,Morris,Loveman,mlovemank6@hhs.gov,Genderqueer,518-419-0060
728,Arthur,Saltwell,asaltwellk7@spiegel.de,Polygender,201-806-4706
729,Josee,Watson,jwatsonk8@eepurl.com,Genderfluid,125-538-6883
730,Moina,Clowney,mclowneyk9@reference.com,Female,724-315-4651
731,Christy,Sumnall,csumnallka@etsy.com,Male,986-629-8311
732,Dwayne,Print,dprintkb@creativecommons.org,Male,472-189-1451
733,Patience,Daleman,pdalemankc@wordpress.com,Genderqueer,400-166-0672
734,Reba,Elston,relstonkd@google.com.hk,Male,533-788-7821
735,Shamus,Gooderham,sgooderhamke@house.gov,Bigender,340-259-5611
736,Shauna,Pariss,sparisskf@usatoday.com,Male,587-642-1316
737,Wynn,Roycraft,wroycraftkg@bloglines.com,Agender,280-190-5055
738,Darin,Kerfoot,dkerfootkh@umich.edu,Genderfluid,315-144-3978
739,Chen,Neal,cnealki@myspace.com,Non-binary,298-774-5468
740,Fawnia,Howbrook,fhowbrookkj@ask.com,Genderfluid,319-638-7815
741,Nicky,Size,nsizekk@cyberchimps.com,Bigender,313-124-0838
742,Morgun,Tremayne,mtremaynekl@behance.net,Polygender,534-349-3569
743,Marji,Wortt,mworttkm@chicagotribune.com,Male,921-799-9610
744,Nealson,Lorrimer,nlorrimerkn@newsvine.com,Male,617-706-7981
745,Lannie,Skeemer,lskeemerko@lycos.com,Non-binary,719-973-6962
746,Laura,Hould,lhouldkp@google.es,Female,913-332-1887
747,Pris,Currall,pcurrallkq@ehow.com,Polygender,865-318-1017
748,Chloette,Langdale,clangdalekr@bandcamp.com,Bigender,873-291-8632
749,Lutero,Logg,lloggks@forbes.com,Male,793-436-1028
750,Carri,Marte,cmartekt@newsvine.com,Non-binary,408-275-8573
751,Selena,Vickress,svickressku@umich.edu,Agender,743-689-2229
752,Tersina,Jira,tjirakv@oakley.com,Polygender,364-617-1782
753,Cesya,Gynne,cgynnekw@pcworld.com,Bigender,369-187-2886
754,Marcelle,Strippel,mstrippelkx@msu.edu,Non-binary,803-189-1405
755,Ronna,Parcall,rparcallky@hp.com,Agender,333-100-1230
756,Cristy,De la Feld,cdelafeldkz@pcworld.com,Non-binary,231-842-1661
757,Esme,Rassell,erasselll0@virginia.edu,Genderfluid,553-770-8595
758,Granthem,Beekman,gbeekmanl1@nih.gov,Male,821-844-0363
759,Elbertina,Swate,eswatel2@goo.ne.jp,Bigender,595-848-7023
760,Conney,Cattermole,ccattermolel3@wordpress.org,Genderqueer,322-823-9896
761,Ramon,Cecely,rcecelyl4@soup.io,Non-binary,872-771-5012
762,Ripley,Dowell,rdowelll5@php.net,Female,309-248-4721
763,Heriberto,Wrigley,hwrigleyl6@wikispaces.com,Bigender,909-675-5393
764,Mela,Haycox,mhaycoxl7@spotify.com,Bigender,320-229-9140
765,Derby,Goodie,dgoodiel8@indiatimes.com,Genderfluid,762-352-1795
766,Demeter,De Anesy,ddeanesyl9@tmall.com,Agender,915-136-1722
767,Eddi,Katz,ekatzla@issuu.com,Genderqueer,775-343-7871
768,Dougie,Coxen,dcoxenlb@java.com,Male,148-607-5746
769,Abbie,Stokes,astokeslc@elpais.com,Genderfluid,954-110-8494
770,Diana,Castaner,dcastanerld@cpanel.net,Agender,176-782-3424
771,Ardath,Bickardike,abickardikele@vinaora.com,Bigender,615-973-1607
772,Elie,Wayon,ewayonlf@engadget.com,Genderfluid,946-432-2919
773,Dorita,Fairhurst,dfairhurstlg@statcounter.com,Genderfluid,602-690-6530
774,Tiebold,Aitcheson,taitchesonlh@instagram.com,Non-binary,435-692-3102
775,Bogey,Gellett,bgellettli@google.co.uk,Agender,421-274-9740
776,Ali,Orrett,aorrettlj@cafepress.com,Agender,459-168-4433
777,Dewey,Bitten,dbittenlk@so-net.ne.jp,Bigender,363-153-6398
778,Frants,Yuryshev,fyuryshevll@zimbio.com,Agender,767-250-7130
779,Fredelia,France,ffrancelm@epa.gov,Bigender,185-881-6010
780,Enrichetta,Shingler,eshinglerln@virginia.edu,Bigender,805-725-7804
781,Adelheid,Hollows,ahollowslo@twitpic.com,Non-binary,436-175-7352
782,May,Kenington,mkeningtonlp@bluehost.com,Female,741-480-6266
783,Nolly,Waszczykowski,nwaszczykowskilq@sakura.ne.jp,Polygender,607-304-7942
784,Lilli,Possel,lpossellr@odnoklassniki.ru,Agender,869-516-5869
785,Anthiathia,Meltetal,ameltetalls@economist.com,Polygender,293-578-4606
786,Melina,Praundl,mpraundllt@fema.gov,Genderqueer,809-874-1065
787,Lizabeth,Rait,lraitlu@biglobe.ne.jp,Bigender,239-960-4435
788,Clementius,Danielsohn,cdanielsohnlv@noaa.gov,Male,196-520-4545
789,Eugine,Waycott,ewaycottlw@icio.us,Polygender,955-912-4940
790,Lorna,Hayland,lhaylandlx@usa.gov,Female,265-348-6804
791,Trstram,Grindrod,tgrindrodly@tiny.cc,Genderfluid,743-243-5362
792,Towney,Gilbanks,tgilbankslz@jalbum.net,Bigender,354-555-0387
793,Irene,Shergold,ishergoldm0@loc.gov,Agender,768-658-9666
794,Colby,Reskelly,creskellym1@cnn.com,Genderqueer,970-138-9236
795,Demetris,Truman,dtrumanm2@paginegialle.it,Non-binary,215-220-1063
796,Nester,Banbrick,nbanbrickm3@senate.gov,Bigender,883-106-3875
797,Stewart,Enevoldsen,senevoldsenm4@youtu.be,Genderqueer,791-911-2403
798,Jdavie,Stockau,jstockaum5@yahoo.co.jp,Agender,561-175-0210
799,Leupold,Maxsted,lmaxstedm6@google.com.br,Non-binary,476-418-0265
800,Timothea,Farfull,tfarfullm7@rambler.ru,Genderqueer,653-636-3041
801,Liz,Pitbladdo,lpitbladdom8@bandcamp.com,Male,913-519-6402
802,Joletta,Richten,jrichtenm9@usatoday.com,Genderqueer,341-622-2000
803,Brigitte,Folger,bfolgerma@smh.com.au,Male,866-345-0091
804,Iggy,Riping,iripingmb@goodreads.com,Female,312-625-8015
805,Henka,Ruselin,hruselinmc@reddit.com,Genderfluid,325-946-0842
806,Eden,Do,edomd@g.co,Non-binary,923-717-7726
807,Brittan,Skillen,bskillenme@indiegogo.com,Non-binary,687-140-4283
808,Rafi,Pottle,rpottlemf@arizona.edu,Genderqueer,783-326-3310
809,Yettie,Cristoforetti,ycristoforettimg@apache.org,Non-binary,684-468-4677
810,Christian,Mathews,cmathewsmh@shop-pro.jp,Polygender,654-379-5021
811,Stephan,Stainton - Skinn,sstaintonskinnmi@weather.com,Agender,597-476-9172
812,Roy,Yare,ryaremj@ehow.com,Male,250-500-8444
813,Bernie,Klossek,bklossekmk@ifeng.com,Bigender,992-483-3079
814,Chet,Angrock,cangrockml@naver.com,Genderqueer,501-473-7297
815,Ware,Tomek,wtomekmm@macromedia.com,Genderqueer,581-684-6330
816,Davon,Sandeson,dsandesonmn@sina.com.cn,Bigender,817-965-5993
817,Casar,Oldham,coldhammo@boston.com,Bigender,986-875-9397
818,Johnette,Follen,jfollenmp@yale.edu,Male,843-783-6913
819,Mill,Pardie,mpardiemq@noaa.gov,Non-binary,676-606-1907
820,Kearney,MacPake,kmacpakemr@ifeng.com,Bigender,488-414-4973
821,Catha,Roseblade,crosebladems@mayoclinic.com,Genderfluid,849-235-5762
822,Lauretta,Cockrem,lcockremmt@dyndns.org,Non-binary,658-153-2495
823,Shermie,Barnaclough,sbarnacloughmu@answers.com,Genderqueer,622-235-4240
824,Leonard,Chart,lchartmv@sun.com,Genderqueer,313-914-5367
825,Egor,Slowan,eslowanmw@tiny.cc,Non-binary,630-350-4025
826,Nolly,Tosspell,ntosspellmx@oakley.com,Female,901-626-7916
827,Jethro,Keele,jkeelemy@plala.or.jp,Male,307-464-1014
828,Nissy,Avann,navannmz@ustream.tv,Agender,925-736-5887
829,Roarke,Grummitt,rgrummittn0@sbwire.com,Male,835-423-5668
830,Alyssa,Branston,abranstonn1@slate.com,Bigender,101-467-1556
831,Tessy,Tweedlie,ttweedlien2@feedburner.com,Non-binary,400-724-5720
832,Ellyn,Pitcock,epitcockn3@woothemes.com,Agender,194-556-0375
833,Teador,McGrae,tmcgraen4@trellian.com,Non-binary,157-970-0638
834,Barron,Willingale,bwillingalen5@newsvine.com,Non-binary,967-638-2909
835,Ingemar,Headon,iheadonn6@theguardian.com,Female,571-313-9301
836,Arlin,Cookes,acookesn7@china.com.cn,Male,779-939-2340
837,Fenelia,Raiment,fraimentn8@google.co.uk,Bigender,596-560-8218
838,Danny,Chippindall,dchippindalln9@nbcnews.com,Genderfluid,253-703-7806
839,Hodge,Merlin,hmerlinna@google.es,Bigender,154-221-9591
840,Lonee,McGurgan,lmcgurgannb@sina.com.cn,Bigender,711-952-0322
841,Dorri,Szapiro,dszapironc@apple.com,Genderqueer,504-810-0206
842,Joel,Ros,jrosnd@tumblr.com,Female,974-154-7766
843,Obadiah,Pidgeley,opidgeleyne@paypal.com,Genderfluid,961-671-2298
844,Yule,Jacquest,yjacquestnf@japanpost.jp,Non-binary,686-667-1678
845,Simonette,Simchenko,ssimchenkong@last.fm,Bigender,698-602-6277
846,Ruddy,Neasham,rneashamnh@tumblr.com,Female,215-643-0357
847,Mattie,Moakes,mmoakesni@home.pl,Polygender,468-109-1328
848,Alick,Lambswood,alambswoodnj@stumbleupon.com,Polygender,770-979-4973
849,Geralda,Northbridge,gnorthbridgenk@weebly.com,Agender,171-905-1769
850,Cammi,Perree,cperreenl@1und1.de,Male,797-241-5052
851,Daryn,Bandt,dbandtnm@meetup.com,Genderqueer,223-135-0664
852,Gradeigh,Joselson,gjoselsonnn@opensource.org,Male,239-950-4311
853,Corene,Addekin,caddekinno@networkadvertising.org,Bigender,159-959-1775
854,Jacquelyn,Jirak,jjiraknp@webnode.com,Agender,973-889-0505
855,Roddy,Pullin,rpullinnq@netscape.com,Bigender,610-671-0604
856,Justus,Renackowna,jrenackownanr@bluehost.com,Genderfluid,872-702-3580
857,Roxanna,Hamlett,rhamlettns@umich.edu,Non-binary,750-299-3957
858,Daron,Frere,dfrerent@naver.com,Agender,846-430-1878
859,Bank,Croxon,bcroxonnu@wiley.com,Genderfluid,359-940-3234
860,Malorie,Skipp,mskippnv@discovery.com,Non-binary,138-146-3000
861,Enid,Minihan,eminihannw@phpbb.com,Bigender,298-528-8662
862,Philbert,Caccavale,pcaccavalenx@zimbio.com,Genderqueer,661-305-2809
863,Engelbert,Guilloneau,eguilloneauny@bravesites.com,Bigender,230-495-8217
864,Joceline,Willcox,jwillcoxnz@squarespace.com,Agender,449-479-6304
865,Vanessa,Caunter,vcauntero0@odnoklassniki.ru,Genderqueer,809-638-1912
866,Netta,Cottis,ncottiso1@reddit.com,Non-binary,210-914-0086
867,Budd,Bryers,bbryerso2@boston.com,Male,916-490-6216
868,Zaneta,Prator,zpratoro3@blogs.com,Genderqueer,112-114-5430
869,Glenda,Huncote,ghuncoteo4@nyu.edu,Polygender,175-211-5103
870,Vannie,Mate,vmateo5@weather.com,Agender,662-738-3115
871,Ardra,Gladwish,agladwisho6@rambler.ru,Genderfluid,991-194-8411
872,Ninetta,Friedenbach,nfriedenbacho7@cdbaby.com,Genderfluid,600-509-1144
873,Janith,Zimmerman,jzimmermano8@cmu.edu,Male,830-177-4532
874,Dianne,Mulbery,dmulberyo9@accuweather.com,Agender,244-831-7763
875,Maribelle,Elcome,melcomeoa@1und1.de,Male,114-916-1702
876,Alain,Godney,agodneyob@bravesites.com,Non-binary,744-128-4636
877,Lambert,Hansford,lhansfordoc@printfriendly.com,Non-binary,888-675-4757
878,Dominic,Cowdray,dcowdrayod@nps.gov,Genderfluid,384-607-4305
879,Dorris,Seatter,dseatteroe@samsung.com,Polygender,793-313-7808
880,Kinny,Squelch,ksquelchof@biglobe.ne.jp,Genderfluid,782-488-0274
881,Arvy,Ungaretti,aungarettiog@whitehouse.gov,Genderfluid,898-435-3094
882,Belvia,Wolsey,bwolseyoh@bloglines.com,Polygender,121-291-9080
883,Karina,Elgee,kelgeeoi@typepad.com,Male,285-252-3277
884,Agnesse,Nelsey,anelseyoj@cyberchimps.com,Non-binary,101-810-8327
885,Marge,McDonald,mmcdonaldok@tripod.com,Non-binary,342-579-9009
886,Brooks,Varsey,bvarseyol@patch.com,Bigender,170-281-3663
887,Cassie,Lisimore,clisimoreom@tumblr.com,Genderqueer,635-770-9850
888,Anjela,Case,acaseon@baidu.com,Female,917-928-3324
889,Emilee,Lettuce,elettuceoo@linkedin.com,Male,183-456-3016
890,Maureene,Fozard,mfozardop@yolasite.com,Polygender,365-548-4443
891,Sybilla,Firmager,sfirmageroq@harvard.edu,Agender,793-466-0223
892,Nicolais,Trobey,ntrobeyor@globo.com,Genderfluid,174-880-5258
893,Arny,Swinbourne,aswinbourneos@reuters.com,Female,339-262-7343
894,Jillian,Kynder,jkynderot@earthlink.net,Bigender,710-469-6424
895,Sheffie,Hatchette,shatchetteou@mashable.com,Agender,452-456-1244
896,Austen,Rubinivitz,arubinivitzov@ning.com,Non-binary,952-172-0302
897,Anne,Ohanessian,aohanessianow@wix.com,Male,203-661-0261
898,Krysta,Fensome,kfensomeox@fda.gov,Bigender,228-384-1366
899,Bev,Dax,bdaxoy@plala.or.jp,Polygender,251-351-7421
900,Essa,Harker,eharkeroz@biglobe.ne.jp,Non-binary,320-563-7454
901,Lowrance,Tilio,ltiliop0@goo.gl,Female,126-266-2407
902,Chrysler,Christall,cchristallp1@sogou.com,Genderqueer,186-723-5957
903,Nissa,Roumier,nroumierp2@irs.gov,Polygender,322-277-3309
904,Jock,Brosoli,jbrosolip3@dedecms.com,Female,448-822-9907
905,Terri-jo,Froud,tfroudp4@vk.com,Genderfluid,195-480-8691
906,Diannne,Connelly,dconnellyp5@t-online.de,Genderqueer,683-988-4929
907,Katusha,Norgan,knorganp6@nytimes.com,Genderqueer,576-274-7128
908,Spense,Devereux,sdevereuxp7@nature.com,Genderqueer,982-176-7707
909,Eleonora,Elmore,eelmorep8@comsenz.com,Agender,812-553-1172
910,Juliann,Rillatt,jrillattp9@usa.gov,Genderfluid,558-831-0089
911,Lauretta,Karppi,lkarppipa@bigcartel.com,Polygender,575-684-7178
912,Cello,Holyland,cholylandpb@upenn.edu,Female,484-142-1048
913,Dulcinea,Magovern,dmagovernpc@cnn.com,Female,938-556-6379
914,Dino,Langrish,dlangrishpd@discovery.com,Agender,223-242-5545
915,Datha,Charrington,dcharringtonpe@cnet.com,Non-binary,795-992-8093
916,Josephina,Carpenter,jcarpenterpf@yolasite.com,Agender,553-988-1879
917,Ashley,Frankema,afrankemapg@washingtonpost.com,Bigender,682-792-7705
918,Mikael,Coffee,mcoffeeph@sciencedaily.com,Genderqueer,643-596-8873
919,Gardie,Russ,grusspi@cbc.ca,Genderqueer,272-513-5670
920,Darb,Marciskewski,dmarciskewskipj@edublogs.org,Female,126-368-9144
921,Dee dee,Veivers,dveiverspk@mapy.cz,Agender,678-646-3803
922,Jolie,Flescher,jflescherpl@google.ru,Agender,111-120-4605
923,Durant,Gabbidon,dgabbidonpm@ed.gov,Genderfluid,613-209-9882
924,Anna-diane,Peasey,apeaseypn@whitehouse.gov,Polygender,302-727-0631
925,Andreana,Rowland,arowlandpo@barnesandnoble.com,Agender,619-658-1668
926,Olvan,Howley,ohowleypp@histats.com,Non-binary,446-998-9555
927,Casper,Meert,cmeertpq@4shared.com,Genderfluid,412-982-4879
928,Kingston,Silvermann,ksilvermannpr@techcrunch.com,Genderfluid,337-219-7118
929,Angie,MacKellen,amackellenps@hubpages.com,Bigender,984-410-6395
930,Jenn,Babington,jbabingtonpt@miibeian.gov.cn,Male,177-717-8922
931,Lovell,Clawsley,lclawsleypu@dmoz.org,Genderfluid,461-384-8333
932,Jeannine,Trask,jtraskpv@quantcast.com,Genderfluid,966-406-7125
933,Vida,Coverly,vcoverlypw@ezinearticles.com,Bigender,318-387-9434
934,Jenny,McAlarney,jmcalarneypx@tamu.edu,Female,400-628-2957
935,Harriet,Croal,hcroalpy@europa.eu,Bigender,929-610-3130
936,Audy,Seydlitz,aseydlitzpz@photobucket.com,Genderqueer,958-421-4813
937,Sonnie,Wortman,swortmanq0@slashdot.org,Genderqueer,970-556-4435
938,Shari,Minchinton,sminchintonq1@wikispaces.com,Genderfluid,537-834-5676
939,Halie,Monery,hmoneryq2@twitter.com,Bigender,630-855-5161
940,Killy,Bousfield,kbousfieldq3@statcounter.com,Bigender,109-851-1406
941,Guido,Wincott,gwincottq4@theguardian.com,Non-binary,645-984-4881
942,Alexine,Cawtheray,acawtherayq5@stanford.edu,Female,799-548-2403
943,Sim,Baillie,sbaillieq6@narod.ru,Agender,239-714-8369
944,Florina,Cecely,fcecelyq7@bbc.co.uk,Genderfluid,979-488-4002
945,Stefano,Gillbee,sgillbeeq8@rakuten.co.jp,Agender,794-151-0479
946,Alys,Howood,ahowoodq9@csmonitor.com,Female,434-943-4624
947,Evelina,Blackater,eblackaterqa@answers.com,Agender,919-934-5327
948,Susette,Pikesley,spikesleyqb@nature.com,Polygender,234-697-1273
949,Brent,Byford,bbyfordqc@tinypic.com,Genderfluid,638-491-5189
950,Clare,Skeen,cskeenqd@ovh.net,Polygender,626-642-4676
951,Barnaby,Quarless,bquarlessqe@msu.edu,Polygender,962-902-5956
952,Fara,Tonbye,ftonbyeqf@cdc.gov,Non-binary,285-595-9220
953,Willabella,Prettyjohns,wprettyjohnsqg@fotki.com,Genderqueer,293-611-7076
954,Erastus,Philipot,ephilipotqh@independent.co.uk,Genderfluid,752-994-1285
955,Codie,Novelli,cnovelliqi@github.com,Female,498-688-7473
956,Les,Spencook,lspencookqj@deviantart.com,Male,611-856-2841
957,Rita,Gladman,rgladmanqk@is.gd,Genderfluid,934-214-7157
958,Emerson,Shay,eshayql@engadget.com,Male,107-543-3033
959,Francyne,Hogbourne,fhogbourneqm@foxnews.com,Agender,334-767-3692
960,Sonnie,Enticott,senticottqn@nsw.gov.au,Genderfluid,173-732-8826
961,Hilly,Learmond,hlearmondqo@php.net,Genderqueer,384-140-3217
962,Chane,Sweedland,csweedlandqp@samsung.com,Genderfluid,473-562-4024
963,Chloette,Scedall,cscedallqq@telegraph.co.uk,Bigender,854-154-6010
964,Guillema,Ratnage,gratnageqr@gnu.org,Genderfluid,223-481-6632
965,Knox,Switsur,kswitsurqs@cyberchimps.com,Genderfluid,766-959-5822
966,Cindee,Haggerwood,chaggerwoodqt@independent.co.uk,Bigender,975-132-1909
967,Rubin,Holmyard,rholmyardqu@mlb.com,Bigender,400-754-7765
968,Leese,Dytham,ldythamqv@mozilla.org,Agender,824-400-7102
969,Skippy,Culverhouse,sculverhouseqw@timesonline.co.uk,Non-binary,705-475-5866
970,Galen,Crippell,gcrippellqx@tripadvisor.com,Genderqueer,386-434-8808
971,Siffre,Timlin,stimlinqy@usda.gov,Agender,276-866-9028
972,Aggi,Fandrey,afandreyqz@google.co.jp,Polygender,678-546-2807
973,Elisabetta,McGruar,emcgruarr0@amazon.co.jp,Genderqueer,630-807-2318
974,Malynda,Ibbs,mibbsr1@statcounter.com,Male,446-533-6410
975,Jessie,Duckerin,jduckerinr2@discovery.com,Female,800-808-6449
976,Rosetta,Beminster,rbeminsterr3@umn.edu,Non-binary,605-767-1047
977,Cleveland,Medwell,cmedwellr4@pagesperso-orange.fr,Bigender,473-281-4800
978,Corbett,Calcut,ccalcutr5@ibm.com,Agender,429-369-6354
979,Phylys,Kempster,pkempsterr6@taobao.com,Genderfluid,935-870-8621
980,Mitchel,Kupper,mkupperr7@purevolume.com,Agender,550-758-6037
981,Devinne,Dye,ddyer8@ebay.com,Non-binary,801-296-6301
982,Dayle,Costerd,dcosterdr9@dot.gov,Male,833-873-2538
983,Cory,Boyat,cboyatra@mapquest.com,Genderqueer,790-340-2255
984,Elsy,McGeorge,emcgeorgerb@unesco.org,Genderfluid,473-645-4026
985,Domeniga,Grut,dgrutrc@dyndns.org,Genderqueer,936-187-0221
986,Betta,Spire,bspirerd@mapy.cz,Polygender,669-920-7726
987,Catie,Ziemke,cziemkere@google.ca,Genderfluid,948-892-1035
988,Lorelei,Sinisbury,lsinisburyrf@nydailynews.com,Genderfluid,643-571-9788
989,Waverly,Pitcaithly,wpitcaithlyrg@abc.net.au,Agender,555-322-2025
990,Kiley,Challender,kchallenderrh@xinhuanet.com,Genderqueer,844-677-9968
991,Nance,Huggin,nhugginri@phoca.cz,Non-binary,475-717-0374
992,Archer,Aris,aarisrj@flavors.me,Non-binary,913-456-7385
993,Kerk,Gemmill,kgemmillrk@youtu.be,Genderfluid,535-576-1742
994,Barron,Uc,bucrl@vistaprint.com,Bigender,478-716-8172
995,Othelia,Papps,opappsrm@latimes.com,Genderfluid,841-463-1086
996,Lorri,Avramow,lavramowrn@jiathis.com,Genderfluid,773-159-9685
997,Mignonne,Fothergill,mfothergillro@sogou.com,Genderqueer,298-189-6056
998,Shepherd,Treslove,stresloverp@ca.gov,Non-binary,806-227-9793
999,Sargent,Calyton,scalytonrq@nytimes.com,Female,676-760-0079
1000,Kerianne,Edelmann,kedelmannrr@ft.com,Female,833-735-9662
